{
  "config": {
    "model": "ViT-B-32",
    "pretrained": "openai",
    "device": "mps",
    "frames_per_clip": 1,
    "seed": 42,
    "datasets": [
      "ours",
      "openvid",
      "internvid"
    ],
    "sample_sizes": {
      "ours": 300,
      "openvid": 50,
      "internvid": 20
    }
  },
  "summaries": [
    {
      "dataset": "ours",
      "n_scored": 300,
      "mean": 0.19067555967718364,
      "median": 0.18397591263055801,
      "std": 0.060113089648127775,
      "min": 0.05660635605454445,
      "max": 0.40791186690330505,
      "p10": 0.12039420008659363,
      "p90": 0.27534720301628113
    },
    {
      "dataset": "openvid",
      "n_scored": 50,
      "mean": 0.319697870016098,
      "median": 0.31299668550491333,
      "std": 0.03503828170319015,
      "min": 0.23979389667510986,
      "max": 0.4131426215171814,
      "p10": 0.28100958466529846,
      "p90": 0.3669813275337219
    },
    {
      "dataset": "internvid",
      "n_scored": 20,
      "mean": 0.2995543509721756,
      "median": 0.3011079728603363,
      "std": 0.03314292355794359,
      "min": 0.216099351644516,
      "max": 0.37961018085479736,
      "p10": 0.27086687088012695,
      "p90": 0.3402225971221924
    }
  ]
}