{
  "config": {
    "model": "ViT-B-32",
    "pretrained": "openai",
    "device": "mps",
    "frames_per_clip": 1,
    "seed": 42,
    "datasets": [
      "ours",
      "openvid",
      "internvid"
    ],
    "sample_sizes": {
      "ours": 300,
      "openvid": 100,
      "internvid": 20
    }
  },
  "summaries": [
    {
      "dataset": "ours",
      "n_scored": 300,
      "mean": 0.3018207462131977,
      "median": 0.3020761013031006,
      "std": 0.037459421365297084,
      "min": 0.15186630189418793,
      "max": 0.43435418605804443,
      "p10": 0.25862783193588257,
      "p90": 0.34607642889022827
    },
    {
      "dataset": "openvid",
      "n_scored": 100,
      "mean": 0.3216726411879063,
      "median": 0.3189220279455185,
      "std": 0.03506953523432259,
      "min": 0.23233039677143097,
      "max": 0.4131426215171814,
      "p10": 0.27944064140319824,
      "p90": 0.36877965927124023
    },
    {
      "dataset": "internvid",
      "n_scored": 20,
      "mean": 0.2995543509721756,
      "median": 0.3011079728603363,
      "std": 0.03314292355794359,
      "min": 0.216099351644516,
      "max": 0.37961018085479736,
      "p10": 0.27086687088012695,
      "p90": 0.3402225971221924
    }
  ]
}