{
  "config": {
    "model": "ViT-B-32",
    "pretrained": "openai",
    "device": "mps",
    "sample_size": 1000,
    "frames_per_clip": 1,
    "seed": 42
  },
  "n_pairs_requested": 1000,
  "n_pairs_scored": 1000,
  "cosine_similarity": {
    "mean": 0.19296312984451652,
    "median": 0.1838976964354515,
    "std": 0.06487480081728189,
    "min": 0.03653695434331894,
    "max": 0.44452083110809326,
    "p10": 0.11763925105333328,
    "p90": 0.28649622201919556
  }
}