{
  "config": {
    "model": "ViT-B-32",
    "pretrained": "openai",
    "device": "mps",
    "n_train": 4000,
    "n_test": 1000,
    "rank": 8,
    "n_trainable_params": 16386,
    "epochs": 40,
    "batch_size": 256,
    "lr": 0.001,
    "temperature": 0.05,
    "seed": 42
  },
  "zero_shot": {
    "n": 1000,
    "t2v_R@1": 0.268,
    "t2v_R@5": 0.515,
    "t2v_R@10": 0.632,
    "t2v_MdR": 5.0,
    "v2t_R@1": 0.25,
    "v2t_R@5": 0.511,
    "v2t_R@10": 0.658,
    "v2t_MdR": 5.0
  },
  "adapter": {
    "n": 1000,
    "t2v_R@1": 0.304,
    "t2v_R@5": 0.622,
    "t2v_R@10": 0.743,
    "t2v_MdR": 3.0,
    "v2t_R@1": 0.277,
    "v2t_R@5": 0.609,
    "v2t_R@10": 0.732,
    "v2t_MdR": 4.0
  },
  "delta": {
    "t2v_R@1": 0.035999999999999976,
    "t2v_R@5": 0.10699999999999998,
    "t2v_R@10": 0.11099999999999999,
    "v2t_R@1": 0.027000000000000024
  },
  "loss_history": [
    3.162651284535726,
    2.7403713862101235,
    2.438293393452962,
    2.2846715609232584,
    2.1730957508087156,
    2.0741881052652995,
    1.9699740330378215,
    1.8978744665781657,
    1.843836236000061,
    1.7801549275716146,
    1.7258292357126872,
    1.6926969448725382,
    1.6625017722447712,
    1.6374873081843058,
    1.60615123907725,
    1.5856791893641153,
    1.5591357151667278,
    1.5617981433868409,
    1.535247810681661,
    1.5351629336675008,
    1.5049946784973145,
    1.488738775253296,
    1.4978922049204508,
    1.4816078186035155,
    1.4573866764704386,
    1.4643163283665974,
    1.4346620957056682,
    1.432346240679423,
    1.4129650433858236,
    1.4137452761332194,
    1.4151341438293457,
    1.3870472192764283,
    1.3829963525136313,
    1.3775359869003296,
    1.3661288738250732,
    1.3726988315582276,
    1.35970938205719,
    1.3494765599568685,
    1.338968817392985,
    1.3308557748794556
  ]
}