{
  "n_captions": 6153,
  "caption_length_words": {
    "mean": 117.02974158946856,
    "median": 116,
    "std": 15.687980066225382,
    "min": 63,
    "max": 200
  },
  "paper_claimed_mean_length": 154,
  "delta_vs_paper": -36.97025841053144,
  "total_tokens": 720084,
  "vocabulary_size": 11621,
  "global_ttr": 0.016138394965031857,
  "group_ttr": {
    "group_size": 100,
    "n_groups": 61,
    "mean": 0.1633485648610943,
    "median": 0.16326013513513513,
    "std": 0.006927186165107736,
    "tokens_per_group_mean": 11702.262295081968,
    "unique_per_group_mean": 1911.7540983606557
  },
  "mtld": {
    "value": 98.60866843230028,
    "threshold": 0.72
  },
  "seed": 42
}