{
  "config": {
    "seed": 42,
    "group_size": 100,
    "mtld_threshold": 0.72,
    "hf_sample_size": 10000
  },
  "datasets": [
    {
      "name": "PeoplesVideo (8K subset)",
      "n_captions": 8522,
      "total_tokens": 1125890,
      "vocabulary_size": 15352,
      "caption_length_words": {
        "mean": 132.1157005397794,
        "median": 133.0,
        "std": 10.873382769837386,
        "min": 24,
        "max": 172
      },
      "global_ttr": 0.01363543507802716,
      "group_ttr": {
        "group_size": 100,
        "n_groups": 85,
        "mean": 0.14266917394243947,
        "median": 0.1422087745839637,
        "std": 0.0066682716894790085,
        "tokens_per_group_mean": 13211.941176470587,
        "unique_per_group_mean": 1884.964705882353
      },
      "mtld": {
        "value": 75.57738621665825,
        "threshold": 0.72
      },
      "paper_claimed_mean_length": 154,
      "delta_vs_paper": -21.884299460220603
    },
    {
      "name": "InternVid",
      "n_captions": 10000,
      "total_tokens": 92638,
      "vocabulary_size": 8353,
      "caption_length_words": {
        "mean": 9.2638,
        "median": 9.0,
        "std": 2.605611168229059,
        "min": 2,
        "max": 28
      },
      "global_ttr": 0.09016818152378074,
      "group_ttr": {
        "group_size": 100,
        "n_groups": 100,
        "mean": 0.4418376177330175,
        "median": 0.44208363826922903,
        "std": 0.017999206734319383,
        "tokens_per_group_mean": 926.38,
        "unique_per_group_mean": 409.12
      },
      "mtld": {
        "value": 68.50285512796074,
        "threshold": 0.72
      }
    },
    {
      "name": "OpenVid-1M",
      "n_captions": 10000,
      "total_tokens": 1042603,
      "vocabulary_size": 11241,
      "caption_length_words": {
        "mean": 104.2603,
        "median": 100.0,
        "std": 26.24731117486132,
        "min": 37,
        "max": 281
      },
      "global_ttr": 0.010781668573752425,
      "group_ttr": {
        "group_size": 100,
        "n_groups": 100,
        "mean": 0.13588479620077426,
        "median": 0.13554107034660606,
        "std": 0.00426981961682944,
        "tokens_per_group_mean": 10426.03,
        "unique_per_group_mean": 1416.48
      },
      "mtld": {
        "value": 39.70003662550447,
        "threshold": 0.72
      }
    }
  ]
}