{
  "config": {
    "seed": 42,
    "group_size": 25,
    "mtld_threshold": 0.72,
    "hf_sample_size": 10000
  },
  "datasets": [
    {
      "name": "PeoplesVideo (8K subset)",
      "n_captions": 50,
      "total_tokens": 6552,
      "vocabulary_size": 1133,
      "caption_length_words": {
        "mean": 131.04,
        "median": 132.0,
        "std": 9.484640214578516,
        "min": 104,
        "max": 151
      },
      "global_ttr": 0.17292429792429792,
      "group_ttr": {
        "group_size": 25,
        "n_groups": 2,
        "mean": 0.23061660561660563,
        "median": 0.23061660561660563,
        "std": 0.012973137973137969,
        "tokens_per_group_mean": 3276,
        "unique_per_group_mean": 755.5
      },
      "mtld": {
        "value": 71.09859205198288,
        "threshold": 0.72
      },
      "paper_claimed_mean_length": 154,
      "delta_vs_paper": -22.960000000000008
    },
    {
      "name": "InternVid",
      "n_captions": 10000,
      "total_tokens": 92638,
      "vocabulary_size": 8353,
      "caption_length_words": {
        "mean": 9.2638,
        "median": 9.0,
        "std": 2.605611168229059,
        "min": 2,
        "max": 28
      },
      "global_ttr": 0.09016818152378074,
      "group_ttr": {
        "group_size": 25,
        "n_groups": 400,
        "mean": 0.5925173204556495,
        "median": 0.5920425569330872,
        "std": 0.03909488340605575,
        "tokens_per_group_mean": 231.595,
        "unique_per_group_mean": 136.9625
      },
      "mtld": {
        "value": 68.50285512796074,
        "threshold": 0.72
      }
    },
    {
      "name": "OpenVid-1M",
      "n_captions": 10000,
      "total_tokens": 1042603,
      "vocabulary_size": 11241,
      "caption_length_words": {
        "mean": 104.2603,
        "median": 100.0,
        "std": 26.24731117486132,
        "min": 37,
        "max": 281
      },
      "global_ttr": 0.010781668573752425,
      "group_ttr": {
        "group_size": 25,
        "n_groups": 400,
        "mean": 0.23936087374907025,
        "median": 0.2392493084529213,
        "std": 0.012632988143404422,
        "tokens_per_group_mean": 2606.5075,
        "unique_per_group_mean": 623.2825
      },
      "mtld": {
        "value": 39.70003662550447,
        "threshold": 0.72
      }
    }
  ]
}